x,y,cluster
1.7366410212649903,1.083039066569658,1
3.3522143090568246,1.146319912812121,-1
0.14173427390980942,1.8289238537618324,1
0.6138085802861662,1.1610882169670602,1
1.313165193016324,2.9764898347658253,-1
-0.3311818596099414,-0.036742661987852365,1
0.4915444302695149,0.8858595649359849,1
2.5079563715846174,1.1176074613762013,1
1.5170784360052627,2.0648144568656583,1
1.006561569312991,2.4544895559340025,1
0.366318356665813,2.0318285236852196,1
-0.4693281552997641,-0.028509529604417105,1
0.3005210031517338,0.997593554038939,1
1.7058202332480046,1.698816785502351,1
1.3188968466645457,1.990492290206325,1
-0.38715527248407344,1.206083132668175,1
1.4022733319293912,0.7068612347689891,1
0.05520654887483889,2.5249321433018226,1
1.346420573597832,2.0598234364528913,1
2.238821876098873,1.1902486877646494,1
0.8964530536177937,-0.7827951393578436,1
1.681833537148484,1.2273731368506733,1
1.1700474930391302,2.529284861413161,1
1.7415888726855662,1.5943351359571767,1
1.3058208820381711,-0.9102500868593626,-1
1.3256865443919286,-0.04775693061043684,1
1.2260510885868232,-0.322199740880873,1
1.7231121042742705,1.1019975355870673,1
0.9646126959072894,0.6635673999369416,1
-0.1411648474643814,1.753048300782242,1
1.365625201091674,1.3974875497081354,1
0.9377234708183094,-0.44897447452551487,1
2.992143630173979,1.1049196633399008,-1
1.1672832366046058,-0.8877464887130624,1
0.9374676746577252,1.2563743934726928,1
0.21151270912775477,-0.7119474821174416,-1
0.9927779180643463,-0.470336017307327,1
1.8258781027632187,2.6533009502454736,-1
0.5685774856314723,2.2203083732163322,1
1.5883305593044033,1.163093643943788,1
2.3383838189640795,2.4831264881727257,-1
1.1296790357224746,1.261127223010291,1
-0.04706419658994587,2.9540413081019645,-1
1.0286822013937602,1.6874673357151084,1
1.9285163424200054,0.836507778762428,1
2.9065756783168855,0.8351990576343535,-1
0.33626672907097466,0.5524480727363235,1
-0.19914728876557408,2.340513187226096,1
1.4681805060263886,1.4209130067974094,1
-0.09162757652293951,0.01566040375245359,1
0.2793008944739168,-0.45827787269799414,1
2.339315260247237,1.3538388960480212,1
0.28146543693700843,1.6617820701769306,1
1.0154382269072233,1.4774590655874982,1
2.4900901360333845,2.502102077363167,-1
1.204841560883984,-0.44821068248012486,1
1.4461547686578038,1.3834200598032398,1
1.6385814852676033,1.3085339369794202,1
-1.4620627926346352,1.5911769842391439,-1
1.1634389101968923,1.0356133259896498,1
-0.2658221360969253,0.6554886011334194,1
1.4384754396135222,-0.777849946584467,-1
2.17483728136874,0.7966221806610487,1
0.5819903091809757,0.4197543229018227,1
1.623726017095343,0.14806458830402103,1
-0.10135678746780852,-0.5507715376204476,-1
2.7356817744446493,0.6399953607454905,-1
0.9885274037573051,0.30610570925569347,1
1.390208629783421,1.0415668639504347,1
2.4776583730088406,0.7864280505112563,1
1.4175767860996722,0.4470869033075803,1
1.0122785767175386,1.3821140548737605,1
1.3059307745808144,1.7889997188115472,1
1.8783164027855728,1.711144981952616,1
1.1479534633374782,2.5613660584370885,1
2.3258953518880903,-0.4812349822282842,-1
0.11342924960363032,0.6000644234213289,1
-1.1774513803466307,1.3329061289728636,-1
2.3310637232782074,2.461173999216892,-1
1.6990317430242452,-0.04444806827227499,1
-0.8446702338677157,-0.1876481741883811,-1
1.9153812419890648,1.5295484066702412,1
0.5741802883025579,-0.10517593327121522,1
-0.728173943274528,0.40613498530252323,-1
2.3209033873047966,0.7359036637558052,1
1.9773658309473585,-0.18786888973122218,1
0.9982009262133409,-0.6496626167631203,1
2.0514483123926666,0.19473520393163923,1
1.0818462636415305,-0.5157832362862236,1
1.1499159482691939,-0.7127000761091224,1
1.4806371383366246,0.9967457758999932,1
0.16510915013129202,1.8040218966708532,1
2.39214309735737,1.1784534822409183,1
0.7816495228053595,3.3390429988212436,-1
-0.09814994693167578,0.47197079455488355,1
0.2898660899532921,2.5624960444512475,1
-0.24887449641691295,2.240934900122534,1
1.7426447886256309,1.9395198115797734,1
1.8488370899189055,1.6780685772227764,1
-0.48287152444355375,2.391240569531454,-1
1.37840663662111,0.4874499378437879,1
1.0729123645219862,1.380793922251022,1
1.4058088807472284,1.586495182547058,1
1.2355278890967953,1.3953555258199093,1
-0.2776660408817957,-1.3136616541744939,-1
-1.3276681476960683,-0.27696585705105603,-1
1.555458396758929,1.7567965290656098,1
1.5629311179610663,1.6761988177807359,1
0.3193395419734095,0.9193422161169102,1
1.731850931969168,1.352957056134226,1
0.6949753787958135,-0.8316794322808605,1
1.479018796147403,1.245118522785194,1
0.11300996429749122,0.6789304621002997,1
1.6201320890988449,0.1390056346231805,1
0.8087811231678113,0.020328324689487753,1
1.5179966683493866,1.2305638526824338,1
0.46368774496750154,0.4873844631825941,1
0.4840343815124566,1.7338346373281663,1
0.7340727836207287,-1.0422356268578779,-1
-1.1067267914723469,1.0982143585684072,-1
0.48834554065481695,0.716457432692663,1
0.4935964542490485,1.3844427555923413,1
0.9991676796075817,1.9999822402577991,1
0.3598957355562574,2.7064424776364655,1
-0.33106863322671876,1.9205589394757656,1
1.8836377899329466,2.9725915472502624,-1
-0.5393967372345658,-0.9588233676440636,-1
2.159671110699826,0.5297424516031713,1
0.05160328548927928,1.0098005207665761,1
1.6233390650757276,1.6521805405677052,1
1.7834487858787522,0.8229417408313362,1
2.93741120076547,1.029510908981123,-1
1.2868785057660972,1.0990863580827446,1
0.48052911188173064,-0.5090252108799438,1
0.9508702072503856,1.3577330723212382,1
0.337211530184258,0.8284461990264934,1
2.6911530940786914,0.4547433480696429,-1
-0.9599122209902229,2.672208473660421,-1
-0.22197109865698694,2.7608052292097587,-1
1.9268742324612154,1.0507073933682463,1
0.5579244696637262,-0.7978635548669994,1
1.15709090455218,1.8508749562491782,1
2.210345883683605,0.5935561166270212,1
1.8796887185998647,-1.565806113586635,-1
0.09113834365342077,0.15834160874729852,1
1.4624455284115168,1.3045191387438315,1
0.9743671109120619,1.0093695479921503,1
1.7078480163128886,1.7035024733464494,1
0.2344251715794372,2.4139933145505372,1
0.4778423008822079,-1.1170168324220549,-1
0.5230359506862896,1.9265696550530946,1
-0.016449066407802748,0.5569685191289586,1
2.516217520327761,2.6886726980629287,-1
0.5398137602157873,1.0518618920035532,1
1.6254921654151042,-0.007833328710293186,1
1.7192021739542782,3.8255471101059335,-1
3.1885713701186216,0.5384082692149981,-1
0.3910928194068337,0.3114054657012336,1
-0.8417487748068344,0.92483420153624,-1
0.9581715508349696,0.2835337423404646,1
1.4707835856538207,0.9322788238232582,1
1.0132257174557648,1.5554724258660713,1
0.6360311866082233,-0.38123781285681013,1
0.9488294432806867,0.28184751770143346,1
1.121255929541955,-0.07598203982578133,1
2.0554716212027317,-0.8552332654387609,-1
0.6826750007766038,0.4358160412577663,1
-0.6745549600049361,1.8928961887139986,-1
0.7322393979573758,1.2169206204723422,1
1.8988334301347436,0.5065461663575628,1
2.708982011122579,2.1871875290254676,-1
-0.10118711565519689,0.5348713574581315,1
0.5602551405086162,0.6062110766902238,1
0.5581767417922808,0.14684077155589903,1
0.48953917657347734,0.1297420991212037,1
-1.2982119399256118,2.067362618722784,-1
0.4594325788445348,1.2118864877076583,1
1.5056424606505894,2.298942730765071,1
2.3768422002834715,1.094407025784485,1
1.8452121508996655,0.3528325047715438,1
0.16697982186561744,-0.43606565255870633,1
1.8773704670360398,1.048497062684146,1
2.7110054053807904,1.932640835352102,-1
0.89618078119636,2.6550476282231266,1
1.118614669384876,2.48844669783022,1
-0.30850095461890503,0.3675187708394225,1
2.6632683395947705,2.3712344825017038,-1
3.8865878881564475,1.6637822199457863,-1
-1.813536011743257,-0.8789180033894466,-1
2.2744807720667004,1.2182844746791832,1
1.1624911531367987,-1.0491517166069317,-1
1.4087150791944036,-1.2145087915228165,-1
0.7036187641938689,0.5672332943787142,1
0.5494016846596101,1.0368790134091912,1
0.3790037281313887,0.5126897111022024,1
1.1663897937109386,2.1074501640189576,1
0.4313691615047429,0.5520638772393767,1
1.7475330815834338,0.5476238093523389,1
1.6444572684959708,1.2769965912410561,1
0.25440705525811025,0.5111285167040482,1
1.1679407137722495,1.3245739395565514,1
-0.10895989699791375,0.5469895481171179,1
0.6905571942512159,0.6173382417558898,1
1.7035788986249576,0.5160320879377605,1
1.3489644928538544,1.8093656842071673,1
1.7232013584498729,1.5961464710076663,1
3.1045552089562047,0.8519702688468642,-1
0.7279949057168158,1.1179028642231599,1
0.2645915503204518,1.3339196733208172,1
1.7897106992841283,3.230600981648994,-1
-0.2394424996477813,0.9087853521807859,1
-0.042806639839040095,0.12371277767235134,1
1.3099155033769811,2.0555702029770733,1
1.3452837699266684,0.49059616420376995,1
2.116166108263096,1.6902393800965871,1
0.685151399657583,0.639023797367454,1
1.4144526686961703,0.9993325292458519,1
0.7968301869250523,-0.2328639149618803,1
2.8444540734125985,0.9003158531704671,-1
1.5038017597142215,-0.05211721137390524,1
1.2578714849311727,1.7349715860800352,1
2.8691935296519544,2.6259032717802495,-1
1.74074209513543,1.9903501180632746,1
0.9978609414129463,0.9239660835054475,1
-0.754751986442594,2.031937383522486,-1
1.5714621210277921,0.1379067885651306,1
0.40648752528851406,2.2110611872428865,1
0.9500596033395895,0.47436408762892457,1
2.1444604399523683,-0.4380033536102903,-1
3.00773991636748,0.5774669155133042,-1
2.3453627962294368,1.4875199507922083,1
0.39589801881038766,2.219809878793548,1
0.22889075660209846,0.3520420546920945,1
0.26535956146656525,0.41362640377506665,1
1.671371363106981,0.3606711733047563,1
0.8317990681667584,0.5725493507785582,1
1.5776459888487495,2.1203088884665457,1
0.8091408350996615,0.8359932113634748,1
1.0241236249284755,0.1724734974340668,1
1.2587369941411886,2.4135525738323844,1
0.8281032674627754,0.5353950456964612,1
0.21382223160449265,0.38120846388544916,1
0.6864017240978257,0.915729033768818,1
1.3026317066736768,-0.3765283909120407,1
3.1936837983144577,1.1091035659923567,-1
-0.01498091710456606,0.2944041782008586,1
2.872885540012992,0.7168847312652739,-1
1.1425239531054185,1.2128365055316204,1
-1.0038609745629556,1.9788574572161226,-1
1.1964871192868247,0.39392601036074704,1
1.945566571394647,2.0958496870902916,1
0.34216335211326854,1.0243212284472294,1
2.4805221205618593,0.27148532002001646,1
1.2473754107986836,-1.0813502572281344,-1
1.2695572180538837,0.5096014325471196,1
2.1778637470710844,-0.5062975312781479,-1
1.8473384269328341,1.472774747238439,1
1.409906496267566,-1.1059894582603138,-1
1.9393483905014257,-0.042625384644573217,1
-0.1512790489905662,0.870587315127862,1
1.1094372447605496,0.6523300851015964,1
0.5242903463691857,0.5685384365779471,1
2.467526605311204,1.93195873651288,1
1.3387400730657335,1.6994883333043136,1
2.1033999692749834,-0.06959520138593733,1
0.25185426107256637,0.5406324304766159,1
2.0384604233650236,1.7298392175915707,1
0.5310245414551296,0.5082127301329102,1
0.653691456015314,1.104930242788513,1
0.6797301360046232,-0.009934317589370467,1
0.27549149830332365,0.19243005619740783,1
0.5334963002026626,0.07230780630900202,1
2.1853087283441246,3.672312374859352,-1
1.7815112870672118,0.05219288908899655,1
0.7858337130276587,1.8036816432506568,1
2.52232656746298,0.626007526558338,1
0.6954240874449972,-0.9202400853646366,1
1.8042472443261925,1.8295627439567954,1
0.8866203758024183,1.2161210589447842,1
0.9535456129441705,1.7815758493565859,1
-0.1480642683330009,-0.41020756543382353,1
-1.6755222879854426,1.9385605785937752,-1
-0.28194035530938244,1.6006948032013302,1
0.019005177907824078,-0.744109848701527,-1
-0.9397229830523313,2.123631960056642,-1
0.5373029236026668,0.8953308674219463,1
0.903952413483949,2.566820862124962,1
0.5090101901726993,0.7729123776697395,1
1.1410492936210146,2.176891880197327,1
1.9546783196704105,1.504934528118353,1
0.8131954254737601,0.32366733303955575,1
0.11377225321625284,0.45533145254158636,1
0.04505216092825637,0.731537154469675,1
1.1287382617865067,-1.895866299571162,-1
2.2476423881605347,1.7951285606711398,1
0.021860829488563605,0.09450240480575278,1
1.8702446903951535,1.6313077439600336,1
0.9906390590773675,-0.14097810280518663,1
-0.31621106770558427,1.046502329623699,1
1.7941191899596527,1.5207484334337622,1
0.9051179965046762,1.6851956316257346,1
2.1587642511573315,2.1459689127531503,1
1.137427104536244,1.7387141168232356,1
1.0564424635553191,0.2837641319124541,1
2.429224172827596,0.1501583126904812,1
1.258681581377692,1.5257147481514934,1
1.8453553874901458,2.107344788505087,1
1.1520268549470143,-1.2091500037696017,-1
-1.4235908459381554,1.9020974090372378,-1
0.6617057451186987,1.497423105106706,1
0.8855132167242542,2.0634676040829802,1
1.4731356666387732,-1.12684429171046,-1
1.4268714318887639,1.8383093978069982,1
0.7672625662359224,2.7625472999421934,1
3.057228965664585,0.5335698397876389,-1
1.0270608393370686,0.7776575837390711,1
0.2782003472087168,1.6536992476303523,1
0.8396716792798469,1.3754475786668166,1
0.7170629266460251,2.392236547020183,1
1.4950692252139566,1.6271591160775372,1
1.2392837252747544,0.9913353937384648,1
0.17805775845474092,0.9137401329626891,1
0.7606567958186969,1.5696442752258315,1
0.8367189765674906,2.3145360314411945,1
3.92028663926493,1.514315759466248,-1
1.4503033552606845,1.4638981084788147,1
1.6236717406206793,-0.317726580157877,1
0.5735868928511882,1.2168622320220206,1
0.2615437769910036,1.6696891753040064,1
0.6150184789921437,0.6487363023513327,1
1.4180465231880923,1.7230433034527166,1
1.4155969769759014,1.0728577310062366,1
1.6998536513672429,1.3464352858007438,1
-0.7057669203495445,2.064062279922748,-1
0.35444410481945987,-0.07207593637888099,1
2.8307341135734596,1.462015916994629,-1
-0.2691839086777823,1.346466772666337,1
2.3641464596665003,0.27846861560361225,1
2.67008547494238,1.0333561702052538,1
2.674076616245806,0.9057717125031549,-1
2.2414590391899036,1.536771104986722,1
-0.16232330127432726,-0.6372492132983558,-1
-0.3328560946363326,0.7283722769726719,1
2.3587284943936657,1.2650719398434451,1
0.016314434227726382,0.6450048046095247,1
0.7595532499495278,0.20328646585271193,1
-0.6239818261583765,1.2512907655062127,-1
2.013116000220159,2.4809523118188364,-1
1.8130822923791983,-0.4178647492635261,1
0.5982977507408046,-1.8462099811774446,-1
2.143595710141164,1.0029395617999128,1
-0.1446260379070532,1.866579136646751,1
-0.033168006593706334,1.2640612043064832,1
0.029678627667572455,-0.45396892893891594,1
2.278305350483179,1.4036493979629547,1
-0.5016042816714299,2.1516678156105775,-1
1.5802912607982145,1.6833340772918162,1
0.2606928981020237,-0.16145056783929768,1
2.8163702684645697,1.5676666635369714,-1
1.3908763638188106,1.5230822372771131,1
0.2352400858120709,-0.2650913784553377,1
-0.7912093916940977,0.9959499360303368,-1
2.3685283772920025,-0.40692201897897884,-1
1.6194653603952511,0.19002258658936932,1
0.4427423444201606,2.895012462711869,1
0.7808844298067348,1.3608660109644974,1
0.7260170518997417,0.8513888513897955,1
1.746933496161855,-0.5720093584806092,-1
1.6183846128988009,1.3826851274780714,1
0.8854636601532149,0.29680906959784026,1
2.906115533732576,0.7579905006977088,-1
-0.1632862760727556,0.9854252227254463,1
3.2481133218265077,1.0883260272218485,-1
1.3388107067491313,0.7278181265557371,1
0.4488661529681941,0.8543601008750769,1
1.405728613305823,0.9145156043313384,1
0.9179061493617116,0.3157409696887765,1
0.507089883145841,0.049067154821660575,1
1.1314195624835728,0.8807802625097595,1
1.9153258596617024,1.4070921890649852,1
-0.024576353714584886,0.2522690961619586,1
0.7555261403917048,0.9994004072360287,1
0.24308496920468237,0.33762361288193377,1
0.7470457518230568,-0.4366348824245989,1
2.10602864878694,1.1158784255680176,1
1.2316716385563544,1.2884508006066069,1
2.480875757631396,1.5928788431315941,1
2.129839044814287,1.7879281602505133,1
1.1126217410591215,1.0395651952723142,1
1.5089071879210163,-0.47008561146937455,1
1.716881453382184,1.5498806721270368,1
0.3321230240562387,1.5806981303756413,1
3.197213551985004,1.883614740027173,-1
-1.2341395959253494,0.35171962083944297,-1
-1.406791154317475,1.081919622634781,-1
1.1688650198213304,0.4208892983299456,1
-0.5858011346734278,-0.2754084663493477,-1
1.0046571855009367,1.4137386426135798,1
0.9427011969842416,1.8563626944067066,1
1.2251447048072126,0.15298022280450319,1
1.4604705393032977,1.2567029780625263,1
0.8539525041854675,0.6244800497916219,1
0.43022887847370994,-1.3612844338434473,-1
1.7590724204079997,0.6598533465758745,1
0.9406132123562423,1.8635042438941731,1
2.6075969733791764,0.13420168404073596,-1
-0.9704849319903326,1.0876453214695518,-1
1.3748914842934745,2.6951953237546276,1
2.204400373728604,0.08356067296503278,1
1.6652057732887626,0.7568657016626539,1
0.1699976649061592,0.2671327852939166,1
0.42439368955251333,1.8908622107682438,1
1.8802696339236693,2.950843972842044,-1
0.37443498100464045,1.922608953106986,1
2.757024958808322,1.0449401126889246,-1
2.7536044683167034,1.2089057668426397,1
0.13113123548486116,1.3540841861437847,1
2.719956728920951,2.947754546404049,-1
-1.4366490838973824,0.3720207485693031,-1
0.16315568464864816,0.24472349503748092,1
0.012019991963498122,-1.0818638337701834,-1
0.6642307997802519,1.8416595215032852,1
0.5273307785279763,0.40201648706018844,1
0.28272368179886187,0.578740258367621,1
-0.2234603136930038,0.34885574241215067,1
0.008349554261832703,0.7739344406351512,1
0.7662146901163968,0.860859280336906,1
0.08139746739585585,0.33290488257185624,1
1.0697527856014009,0.5442120349781354,1
0.294494433982016,-0.9365327022162986,-1
0.1788880200570766,0.502083065358073,1
0.3581984207134217,1.5458823984611119,1
1.0415549240789586,1.3135324095828205,1
0.9557461492017533,1.332369162054349,1
0.22813897272351558,2.1562709260440904,1
3.6837910096941053,1.037522729572709,-1
1.7137684130192894,1.683653937475979,1
2.087449617418023,1.0292615216937522,1
-0.7740943410132926,1.3070802229947598,-1
-0.7099940387521528,0.6061669164056225,1
1.4420143532308025,0.33385430615498224,1
0.8808718680706628,0.10402320875706306,1
0.7020325253671038,2.6305305386424913,1
-0.5147145631861798,3.600284681765238,-1
0.8962855208540141,1.1773040049100356,1
0.2679115702800503,0.9546321018214781,1
0.1658921307550425,2.3843612092865496,1
0.2422897802832218,-0.9544746099890711,-1
0.40518965011204333,1.3809537190780332,1
1.1772930868014018,-0.022681065010437207,1
2.8766639152657243,-1.2540014505612853,-1
0.8041688441405097,1.2154958082316996,1
1.1810481973644136,0.2141573692388452,1
-0.07072479977951973,0.17317621920881743,1
0.5224974849267595,0.39166726313778055,1
-0.4727114575761058,0.26695928172954553,1
1.0913613199484724,0.5528078899017168,1
2.1648655666861902,2.7157322356696674,-1
0.2387230474005082,0.42014440073935533,1
0.2179867102562183,0.9012540635674994,1
1.2450572102583992,1.384964929415492,1
1.9430920385411001,1.1545491457975556,1
0.8424899487111783,0.8070870992018911,1
2.0407540633353043,1.1437893086581294,1
0.39885814360622396,1.6818725290966365,1
-0.020173460833245116,0.8387512495611543,1
0.8517163673053917,1.637628501694334,1
-0.110368761835137,-0.10956038107582122,1
-0.577394208766504,1.6183278347818464,-1
0.5258089882022801,3.222782079896938,-1
0.6172524773566107,1.2532955967564865,1
0.6648624983479028,1.4567646938985481,1
1.1315723072751287,0.5026716638823479,1
0.7954659891141104,0.6967745298032662,1
2.0641487890264347,1.3548163847686998,1
1.1331228359633243,0.6575933771161937,1
-0.18953865742871834,1.5045731089197294,1
2.1423415149737375,0.39820369688479607,1
0.2980614774939587,0.7905234583743801,1
0.8137543272928648,0.668103717845517,1
1.0584294906200968,1.0683029913258828,1
1.2021029057507346,0.15236666008945376,1
1.3587689136063559,0.7146465219766098,1
1.2854844107630818,2.3352722729495174,1
0.6004644052826935,2.0702615427836273,1
2.0328060826196754,1.4494451052406214,1
-0.15192208016276854,2.043406436234059,1
0.39960989443092854,1.62410405380524,1
2.2487413607057762,1.3097310276392824,1
0.9292014393845882,0.9151130956924796,1
2.0177135879975694,0.5760214805033135,1
0.7349015221898513,2.4131848921623242,1
-0.7891300226414264,-0.44581979317668763,-1
1.6692855658134542,1.2362799766418082,1
0.23261407687405045,1.0369787734133418,1
0.40344255515239,-0.04094438634387543,1
1.2557099606005624,1.0351126597955433,1
0.97448100488661,0.18865961875666126,1
0.7822760988920099,0.7147453271523279,1
1.314981430033125,0.22755735627147622,1
1.1307682507792007,2.0256909880413474,1
2.0495029682813555,1.6127527175752419,1
1.9802585247011493,0.10044758093576256,1
1.1007400228365263,0.15854785994674003,1
1.2585575122441637,0.37140422413060314,1
1.24160898966509,1.291610618825709,1
1.3436073542789908,0.03255148262808938,1
0.35687283625138844,2.039350416969878,1
0.4541737666024297,-0.14089813578760735,1
2.123961713126988,1.6109709119329652,1
1.6776471194279412,1.4036856777625009,1
2.161817162255574,-0.15682098187686622,1
1.634817367202917,2.582286122519605,1
-0.08914381488119028,0.0532431334283342,1
-0.25225417629368496,0.246122796535439,1
1.7971576071410196,1.4130534654997664,1
1.9941010415997984,2.7535154478787396,-1
1.5610008215942273,0.33642021000467703,1
2.2422522714830944,0.03612325470098532,1
-0.0062675959865226005,0.36659970957842736,1
0.8561803749559902,0.10155711370290255,1
1.9372385671534396,1.8190694311653766,1
-0.38696268978614645,-0.8318883352263109,-1
0.7564102789689846,2.194821717679216,1
1.7679186471074093,-0.10105956025577845,1
-0.34278244765178556,1.7097935581768948,1
2.4811449440624225,1.3383206035732877,1
3.20678678646157,1.7479048315889993,-1
3.2084255376086337,1.5126657051794763,-1
3.2511046754714865,0.5765212748640756,-1
0.71585827963355,0.5531622083100688,1
0.9824486117227247,-0.44080368807335946,1
2.2349277790620983,1.161348704871989,1
2.269663133166948,1.221316408485543,1
0.8736203911282092,1.3291878568784488,1
0.15789675878400056,0.5967290149220268,1
1.212558699675271,1.7716167074253346,1
0.19958018635342067,0.8088332806570138,1
1.069219119021176,1.4897538891457853,1
-0.25101764481898226,0.6292794671120125,1
0.7418666679920154,-0.15234485667242303,1
3.0977403270619814,2.320507732155116,-1
-0.9091003732778868,-0.9356491367691793,-1
-0.0982942475143942,1.2997730856139134,1
1.335426782824975,-0.4954842900609904,1
2.9487371761103347,0.4328390461086543,-1
1.2193024153060348,-0.7476137490943198,1
1.619127943624251,1.9888665806298063,1
2.1650457375939585,-2.297543538826662,-1
1.4060736773464224,0.9188585651224017,1
3.5118415380555597,1.0201083009879475,-1
1.31909818080716,2.306640125774104,1
0.37320197955023005,1.6576636720316245,1
0.27516564029996404,2.4268568306498084,1
2.2302604037629554,2.9168188480961517,-1
0.6921658588728323,-0.7832501469410549,1
-0.1050062949609103,0.4262692161117695,1
0.5228394264175305,0.8544745242256926,1
1.2556730251176997,1.7679691679135505,1
-0.4006364124379185,0.7853412139323362,1
1.4263314436020993,0.8562654041851189,1
0.5880246306234469,2.4235277932940935,1
2.154938705985391,-0.006668103013848015,1
1.0143899835456134,0.19044050136096047,1
0.09576054734729467,0.04734421930318633,1
-0.3330415201606798,0.3286024281477359,1
-0.169551471664118,-0.20272598472467074,1
1.962335388370328,3.7019250633063296,-1
-0.2510889385049946,1.2716019343630092,1
1.3042969451517874,1.7895687396525037,1
1.6069967528772275,0.16054094510964678,1
2.550269015201118,2.8985532481695966,-1
0.06532892206093799,0.6317137351042761,1
0.8370807957049202,1.5297797449037205,1
1.6739354706576273,1.299861992971985,1
2.5582926308335177,1.1430802731160066,1
2.172830807470775,1.920663476944633,1
0.6315763905053935,2.150613012262074,1
0.7025288145938617,1.5090700912555581,1
-1.1736541091026989,1.7068764404854897,-1
1.149123816281397,-0.2719799881037299,1
3.5438656991837356,1.491172831596133,-1
0.15034790763564865,2.0923795972413153,1
0.7101757332429846,2.7601874545364335,1
2.8579784289294143,0.3659968982025603,-1
1.5851762224184403,2.0596124183729527,1
1.0414032034467984,2.4689233839402656,1
1.750937237194419,1.4304989336207738,1
0.7917117575511727,2.4488916098911435,1
2.195141531098268,0.7435189388872696,1
2.56330115429206,0.2311315232052651,1
2.155627796076924,-0.048651754504783984,1
0.5629120186410292,-0.15169831781297582,1
-0.8762269018157367,-2.4045635326382624,-1
0.6205018343826549,1.8971882871299983,1
-0.20638312738894093,-0.38989461104857837,1
0.7183376456637965,-0.3005715861924778,1
0.21277130638389052,1.4899438100234086,1
1.367727143484635,0.759191398938639,1
1.0802751077804573,0.9472422273175437,1
0.5654601117347091,0.24742842570923873,1
0.6319487709887476,0.7536542104188932,1
-1.239675328387945,2.2252298624857962,-1
1.218368739162752,0.6078675444520151,1
-1.0599426491542467,1.3270508261591873,-1
-0.4811724381083662,0.842723860424568,1
2.217417519406501,3.2403497411097244,-1
1.8841548909269008,0.44492134569690456,1
-0.09691714119722361,1.131462766192657,1
2.7357434847721906,0.3363446633086491,-1
0.8840966918627562,2.166207905598455,1
0.3141287056377995,1.9946719492047755,1
0.2747768034872875,1.2930162186133662,1
1.0491835777908813,1.1529238857083177,1
1.1599563420573418,1.3887661030584515,1
0.6730167123473638,-0.37629727946664104,1
1.705732841346403,-0.054907991436200954,1
1.9199267230081696,1.57222488728521,1
0.03992086721688859,-0.5900360978269528,1
1.694582285146919,0.4624680124519198,1
0.9418308456496804,-0.23019332901283818,1
1.5638563491398734,0.6644863008143556,1
0.05944535081321267,1.1568104031505992,1
0.5644956948307398,0.5280504221336166,1
1.0217120186628403,0.5033215101854622,1
2.035219722498788,0.6291392649131151,1
1.143613035203255,0.6925759914987311,1
1.3120964682592775,2.908643146713338,1
1.159938725223205,1.9546090136460688,1
0.8737753953504901,0.6650701279089026,1
1.498343348578655,0.3695050146834903,1
0.7161564621413654,2.7163261060713824,1
1.3382273365251287,1.2298722912736428,1
-0.24019867263859296,-0.10416965129318423,1
0.1241385752747014,0.9229480934210326,1
0.2504428109419199,0.7845596993038675,1
0.9401086743925452,0.46364432314951365,1
1.2401526196753065,-1.015946192701361,-1
1.0527992136767097,0.2685265116183687,1
1.4648406743350015,1.4622745174436418,1
1.1432417332090816,-1.1440413111010583,-1
0.41396602482036715,-0.3339904558987694,1
0.17475093970944,3.5398791257500783,-1
0.7348326296491698,-1.0066649713246596,-1
0.6479274085419773,2.5497594379060473,1
1.9606699581324682,1.156171414300641,1
-0.04155231655569147,0.8584550847557455,1
2.1551300496798094,0.9410024826102379,1
0.7773638811912353,-0.00787574322767104,1
0.19356598149013793,1.277800590617534,1
1.029977387787653,1.5795176731301417,1
0.8081867332972128,-0.8601019578875435,1
0.1079246403148022,-0.027894539835940035,1
-1.1863067312474187,-0.022463599484835672,-1
-0.9144948658605185,1.3591928736374763,-1
1.265445157918125,0.9731953555523907,1
1.23907501088084,1.3756802989590102,1
2.3151991254623705,1.283800935917806,1
1.137717865537569,1.6445089700964506,1
1.62424865119511,-1.526520820521093,-1
0.23640233887512208,2.424899307649218,1
1.3361835911595046,0.6895960970940928,1
0.973465184480876,-0.816894187601007,1
-0.47517495919106656,1.6137049296175336,-1
1.225644771189525,0.5563331617013481,1
0.5909349144005744,1.7716039605817628,1
1.7750453306073188,0.5579977101449666,1
0.24719297121804795,-1.6100139263253483,-1
0.5128376210419539,-0.8919766204316963,-1
2.613097466456688,2.115539613831022,-1
1.7225803762233034,1.013904980319236,1
0.2997020559512743,0.1742026491246701,1
1.0629047501694757,0.942608970681948,1
1.338518535395543,0.24404985405784407,1
-0.22963839241611583,1.6097007579409144,1
2.671773669558376,2.265196189142539,-1
1.4893404419640657,-1.320005694178667,-1
1.017034189186139,0.2676228926391252,1
-1.543085783610084,1.5821799864782005,-1
1.057679834416672,0.7179383063920006,1
1.6632946224228025,1.1479490662579748,1
0.6205496895479401,0.8693125535833216,1
-1.333795649111305,1.4216034582188941,-1
-1.5585218324703694,2.1280780455464594,-1
0.0967759025796101,0.31211201548896306,1
1.7875628213076993,0.36539677811286997,1
2.250879430841024,0.42930565375286345,1
1.6763836497386615,0.30409158757602917,1
2.5211977572712314,0.6809047082540596,1
0.5901941064316811,-0.5292561556348421,1
2.522237466279935,0.46454109900473095,1
1.7333356035868237,-0.664756526780905,-1
1.544920808240764,-0.0651387834492112,1
0.9696390613043491,1.9194926596265862,1
-0.8750259728203269,-0.539670879482476,-1
0.7114289304035826,1.6203103785548505,1
1.0042008135054563,1.0177972732331206,1
0.5608317552909596,2.2488648272405927,1
0.7816060903852626,-0.4294733350180613,1
1.7845986782338659,0.04611995759741394,1
0.8890938497668681,-0.4113856559093929,1
1.5929282965635858,2.0234880234777695,1
0.46838799804432063,0.4550716869811874,1
1.264760040722495,1.9961932521495924,1
0.9478832002730475,1.571593659707763,1
1.082663315940466,-0.37804544956738906,1
1.347604758400029,2.794209419561972,1
0.10930596312155061,0.5049694372137234,1
1.4287318872973724,1.5501091245233152,1
0.8770775463581424,0.8885467268677752,1
2.329553769167185,1.2376284167268474,1
1.3293634844204547,0.3344732045016098,1
1.2306069104776833,1.0463269250554428,1
1.7425552711999324,1.4320434505618462,1
0.8008516318269633,2.361392913559893,1
1.6318007918487476,-0.06041222222422582,1
0.6136679342920619,1.680782730608061,1
1.617175129396547,1.023064076044,1
2.3296950193962247,-1.2654968390040184,-1
1.4590038585044347,1.2538703723164102,1
0.22479133166877974,1.6693179392294448,1
0.2929780773781183,0.6291455862121746,1
0.4599224003797665,1.4615527094710317,1
-0.4236990536762981,1.3913618599118895,1
0.7215099187528266,1.84212215419255,1
2.3652826151170596,0.23042943288530215,1
0.3016518123456091,-1.1283040363794026,-1
-2.077302844742304,1.6134619414290632,-1
3.1838501068248157,1.2945307267355608,-1
1.3228240384885566,0.7141924607243932,1
0.9408678389222237,1.390788896617054,1
1.269048911531771,0.56625426727964,1
0.09548926455527973,1.8186464846298755,1
-0.9347555982421258,0.17668304070368956,-1
1.3099235824055777,-0.18477177594324212,1
2.159275218277827,1.8341400247073207,1
1.1121993793519664,-0.10000834898462996,1
1.8259188555619386,1.8640317128003905,1
0.2863417860727996,2.23541518799666,1
0.9782089100305387,0.2555889681353358,1
-0.737327901104843,1.761815323329401,-1
0.24929008917109818,1.6070148186259436,1
1.030649081068446,-0.08998072433254345,1
-0.09540481570323367,2.3908538330843947,1
0.6426510573895036,1.2290597188624157,1
1.2338837175390134,0.9106127884735316,1
2.108035061909856,0.9124344790214179,1
0.4236380526396377,3.3235450665997015,-1
0.6331560994216862,1.2949756684411653,1
-0.5786591955910219,0.1883928280482562,1
1.062301448668334,1.755105914482626,1
-0.7692684828080061,0.19566649433587557,-1
0.15056336093140232,0.3454078264849899,1
-0.371826191557993,1.4433408262906071,1
0.6507894216076788,-0.6697380728474567,1
0.3593279729785329,0.05858458593272653,1
2.5764110259691346,0.47497087763936197,1
0.5616705306771561,-0.40917278375247856,1
1.4150534119869698,1.41909372728974,1
0.6758602781120395,1.1550560634520992,1
1.3211574922348719,1.7657213434601924,1
-0.4978297162892793,0.5691377787991589,1
2.60507305405628,-0.2923781317666978,-1
0.06161905364212461,-0.025639744826816857,1
1.0458004165968382,0.6083367165489659,1
0.20675752538830472,1.275466989183815,1
2.7091940650576847,-0.7363067452823673,-1
2.1714846528659124,2.4314198035514796,-1
-0.3965641469799517,-0.34141960660291804,-1
2.314237781147659,0.21738014739366907,1
-0.224040320325805,0.8303302644173033,1
0.13280469843814258,2.51456718439951,1
0.311850090944943,1.0638421365816753,1
-0.4661403774857855,-0.307184081352299,-1
-0.2657281628460939,1.3079173276017966,1
-1.8239324046830019,1.155475900952484,-1
2.3811867046038193,1.1172275625280683,1
1.6888726133341962,1.8016639188431434,1
1.004850945311961,3.9180575969160993,-1
1.1619844745557624,2.0071622966621754,1
0.7204778136520681,0.03282100311203684,1
0.8116053059662334,-2.046333071422029,-1
0.8352216730171299,0.3291054052349316,1
0.022785506426272972,0.6616565183125345,1
-0.6723667921279382,2.128718071397765,-1
0.569590142158533,1.6848914623007585,1
1.9429105136012494,2.645481500176742,-1
0.8753910983489375,1.3274119755012046,1
-0.06208274284706161,-0.43703256914409283,1
1.4909095224905227,-0.6981805654517053,-1
1.6149245437121098,-0.9494989994904062,-1
1.8558503901086878,-0.46320266959171974,-1
1.183673682244089,-0.15747889877179166,1
1.4179114857571395,1.859217207862299,1
0.8986243007674205,1.7436436085023248,1
0.640705923309363,2.1830765805300913,1
0.5218305020961075,1.6106048110344187,1
2.498804190347622,1.0114600138829162,1
1.7411066669685842,0.6142605504769297,1
0.9160150129688996,0.31274079144988254,1
1.4215592867833657,-1.520286809691049,-1
3.0059014778411974,0.7208084871710934,-1
1.1596673829909248,1.553378511749142,1
-0.41239786717112614,1.2273805143307566,1
1.5545342202125718,0.0052999668348936435,1
0.3934671983382151,1.913205958051581,1
0.9626669912313521,1.5360364812435747,1
2.312648137718158,0.09725691704246509,1
0.6193681501961296,0.9283916527030498,1
0.27851053470878884,1.45962868785691,1
1.1019052520420032,0.32655202235131975,1
2.6174835076579774,-0.06334839908074619,-1
0.7449105511155326,3.461695271766272,-1
0.12032645983706769,0.7198399438203784,1
1.7297007630106382,0.9702165290158433,1
0.48075273304704,2.2438425692584856,1
3.1109205371355455,0.8079021395441954,-1
0.6980760407904418,2.1786090662498006,1
1.2717922616243447,-0.5364416844861295,1
0.29659770807831565,0.47219975769953226,1
1.5540973313713224,1.4337639995667566,1
-0.18428811507803577,-1.2444154791935196,-1
1.5590337309587223,2.3755878020780044,1
1.703858761492579,-0.8410402901254583,-1
0.7627314719469149,2.175547467587667,1
1.0918598042554983,2.6984769560859405,1
-0.1963914239373865,0.6863709295700366,1
1.3210125604705882,0.7422283207593144,1
0.20742492864941275,1.4645189414009523,1
0.398041930966625,2.255347398981106,1
0.32149689623794786,2.8575796585295965,1
1.4454771506943216,0.9153319682707974,1
2.8098265477846915,-0.053196415810816466,-1
0.16077032516603562,-0.5839492897481144,1
0.29629262476819873,-0.15065620361577814,1
3.0704258669885562,1.9919895839490667,-1
0.5728014412519502,0.7759439082046402,1
-0.018448058898212105,2.1151313520194726,1
2.6073270343913717,1.3442900871660528,1
0.9662737932697796,0.7891041677077499,1
1.0337433259634583,2.6248132740088925,1
0.9824284644853969,0.9925044297682795,1
1.534855969839684,2.6007331039332344,1
2.0301765542903825,-0.29377713785042436,1
1.612128993769284,-0.6606528773814739,-1
1.7657303663961548,0.3829046160344344,1
0.6748197827042156,-0.17980859024092588,1
1.155737371833895,0.6633556548525505,1
0.8991239847507954,1.4458130321800216,1
0.3227195109186206,0.495195940657818,1
0.23523828136165204,2.781465665361149,1
2.2347131158721787,1.486750592001132,1
1.5705626758547226,0.964690203746258,1
2.1045989789782693,1.5514418228311833,1
0.8392296379266735,0.4083906960931616,1
1.7187430818535576,-0.6200043422568247,-1
1.0630904002302377,0.548264446027788,1
1.297545562029701,1.1878985405045437,1
-0.2308154629699668,0.6057717087782186,1
1.2741032743254044,2.588677274144457,1
1.3262650125895712,-2.0018348462096407,-1
2.2508360233471794,0.0005257307337438455,1
0.8166516509443521,2.9476276471876783,1
0.8391775615456617,0.08646151156035287,1
1.102414562366106,-0.3038303301787899,1
0.38803960433519935,1.110052713034938,1
0.8097946122157264,-0.002324118762159433,1
2.903894008635591,2.724294053619823,-1
1.2833173215247982,2.0464309925041135,1
0.4907986141887385,0.5602157821704794,1
1.7344888474925113,1.7706516916210178,1
2.616131789422881,0.2776070405310317,1
2.3561086769499227,1.5204037017827323,1
2.1374971958598303,2.7198502495234473,-1
1.394996926091344,1.6902412650367982,1
0.9681307017151961,0.3519305294680799,1
0.5015953348012145,-0.4944829798056336,1
1.3201938820095658,2.278834542955776,1
2.473434794935585,0.8406473220121422,1
0.7927511004318725,2.0348982617323355,1
0.988358025949413,-0.00024488967665381445,1
0.24226866398777502,2.5569925390655213,1
1.015647744718618,0.594226092735592,1
0.7819137959876666,0.30051082954388764,1
-0.7662709555132301,1.7080584444200615,-1
1.6385055185604294,2.2276906638171385,1
1.457093112737934,-0.00663224321077549,1
0.6279586600884497,1.2188876160184328,1
3.4781436194543076,2.203086957492656,-1
0.9130122637965294,2.078754718010766,1
2.5441229855102385,2.8346164350805516,-1
0.029632659477168866,1.6585746708042055,1
1.6122297049059684,-0.594166206909815,-1
-0.08818560912411888,1.1879759569622725,1
1.6969285635183362,2.9128174560030278,-1
-0.07114780341879912,1.259123324860902,1
-1.2714526125684014,1.9268105681997931,-1
1.195514087472352,1.0766138439548636,1
0.08876377560714233,0.7903118933750102,1
0.10800405840000593,0.6832168695141482,1
1.6969282083611563,0.6998285030882069,1
2.336764451001364,0.13399605689849503,1
1.7270140289152964,2.841847153500808,-1
-0.3275995526439446,0.020340232926919777,1
0.6562896219703509,0.28638797597005405,1
1.1028055733169577,2.651084453670104,1
1.3233004562158672,-0.08093969281514979,1
0.03928852572779318,2.1045013580333016,1
0.4534574252231288,3.010128107134772,-1
-0.6426204766761083,1.4886630790906783,-1
1.727399302285697,1.321566167428381,1
-0.24198383846072025,1.1677587060037475,1
1.3417815735105227,2.840927942850739,1
-0.01185995090578107,1.2935283184583473,1
1.811244261770998,0.9574422218290288,1
0.8068699773301816,1.0228703574260192,1
2.279750881811501,0.3972315007758638,1
2.1604516562424694,1.1468085911371233,1
0.46753330270301896,0.6037390564204275,1
0.7932374034069701,2.2262200485975523,1
0.8205487063045078,-0.25997079550590163,1
3.0144002819004645,2.9231893612637894,-1
1.555511204825458,1.0520990258648126,1
2.458344364146712,0.8175737434281538,1
1.2193937489717348,2.6641573748960523,1
-0.5632918947223438,1.1486717489011813,1
1.0918387961713856,0.44714374193703776,1
0.4512266679026131,2.41230547504853,1
-0.17271478957369713,1.7616147676826799,1
1.212259717103237,2.6382415830574537,1
0.9232630153593475,1.16336569362172,1
0.5863036711638185,1.0854553581408102,1
1.1947481039518724,-0.7151983818619112,1
0.25008491972728863,-0.12515583579434808,1
0.5555080808973196,0.31308382159026393,1
0.6449342201903621,2.2568630002586128,1
0.4223099007743948,0.763363568824391,1
2.0838411002988275,0.5910051723602022,1
1.7225622904203146,2.192091357089928,1
2.6568918691878998,0.33727304962978055,-1
1.5708920649818412,0.2565854560976736,1
-0.5655563353750586,1.68955389909381,-1
-1.034107662689538,2.8814922645532643,-1
0.35552253595225847,0.9156807884204959,1
0.42208062483444686,0.7141297086526304,1
-1.0142764257472847,-0.03190480292422482,-1
0.20692044625650363,0.7719371963418319,1
2.6995114475623287,1.142111116411089,1
0.9096562243153183,0.6413744851649537,1
-0.45843038234372946,1.3726512196990268,1
1.3800739380907097,1.469803559661099,1
-0.5443212964046944,1.9187642958857187,-1
0.6125363647630948,1.372835335756427,1
0.0054288439978466,2.508331885447112,1
1.8911081398373972,2.1431955271601417,1
0.9682640457290566,-0.012537031596125736,1
1.2585094267647419,1.184282906015158,1
-0.2365305125922239,2.5944368409374245,-1
1.5317675301986635,0.8788430852333258,1
0.6122864839349591,-0.9655289921245402,-1
-1.5630443801689888,0.6661676731554028,-1
1.0542861024493335,0.11462195986574031,1
-0.572191085875442,2.4328846186954713,-1
1.5710733827661088,1.2969659959223923,1
-0.952539266058325,1.3860211382925147,-1
2.505868605431699,0.18282375721931,1
1.7983225084592647,0.2981357052315433,1
0.7976918244159343,1.2689948188283033,1
-0.46655568886510057,2.3154131789186803,-1
0.44386158530881503,2.579186431763011,1
2.581567137877159,0.7253499739674412,1
0.8003502174826265,0.7350696170377127,1
0.5907793227366891,0.48047916964041815,1
0.8500255390686929,1.8412619356656812,1
1.57947674001263,0.9226389110906155,1
-0.96154005064587,1.7344437821554295,-1
0.5210828545462513,1.3496295987706715,1
0.6420088434644037,0.09067988916156078,1
2.0501582798260714,2.232912480204445,1
1.8282112138362185,0.5344113031166259,1
0.5559220933499722,2.0115093604557677,1
1.335927116953255,2.085707370325846,1
-0.1073071250007045,0.4430408380819132,1
0.9196577431549596,0.06951872962370398,1
0.9290805412840778,2.4943105321204273,1
0.6984624196475417,-0.08669389376437842,1
1.2870872736087613,2.172137346332093,1
-0.10960160374651595,0.9111142223514126,1
0.836510529676147,2.340249866650052,1
1.0927178124744863,-0.7275803828870291,1
2.8312659690457727,0.8099386035618347,-1
0.8127328538004678,0.9526002564761965,1
1.703157167301757,0.33184778692861283,1
0.6868906581402131,-0.15119476991024827,1
0.11375702559154033,1.2732527304433539,1
0.6640048724919368,1.0655778827076345,1
3.0485962397517654,0.5907025171105327,-1
3.2089699114824732,1.3375516774230616,-1
1.486066497013826,2.621088418390396,1
0.5126486323167306,-0.22278874636945,1
5.20184637014591,4.842466559742328,2
6.445722940934935,4.000335492626205,-1
4.9720224113282665,5.650834478554503,2
4.644181854324156,4.49410809226865,2
5.475228974859998,4.960167136705347,2
4.933772301657077,4.2287877994835466,2
3.7595553829296584,5.96288921855809,2
5.14484101776881,3.597978336698076,2
5.1410739249320265,4.141326003620039,2
3.24955959994071,4.6374787115237694,2
4.608771736472436,5.233735221976151,2
5.958406327604729,4.958790699328464,2
3.7951674602684373,5.652643584253157,2
6.3958967815530166,4.189200128493111,2
5.7787702815073905,4.512236241128877,2
4.952101360068029,4.25653462969011,2
4.277006559098416,3.9394203789075255,2
4.29785134425944,5.136473257932746,2
6.247062193047342,5.17166018768293,2
5.7192771501508926,5.5071284117240165,2
5.608069702115772,6.1034858153427125,2
4.386016391856795,5.445170765957369,2
3.116819984708176,5.013396082531125,2
5.855110128139773,5.307814676543542,2
5.467637716499731,5.144630445693721,2
4.601325152239087,4.951747280418793,2
5.108745636677063,5.095605768849127,2
4.664051024405382,5.944159586811564,2
4.834842073811303,4.526964055414162,2
4.815012789067181,4.671777949286018,2
4.5014872362744915,3.940471811145817,2
6.018952225782678,5.22360972082045,2
6.678140890610545,4.574861246219976,2
4.2763655184385785,5.97604287887359,2
4.2043723787679745,4.972865884750687,2
6.003468448401401,4.338793939059132,2
3.7036009983792626,4.647323782030708,2
5.031459632311104,5.124392714088848,2
4.977945908464055,5.480886231312292,2
5.330090307232313,3.32145390583491,-1
3.1718226573906434,5.684417366853859,2
2.356035063342271,4.906549391067865,-1
5.938042321468922,4.945141100623378,2
2.2252728943363596,4.378672814574862,-1
4.398887136500729,4.144073317528102,2
5.738335737557353,4.511834255414525,2
4.72487659400244,5.458790429931698,2
3.7197706877895538,5.2917136777153795,2
5.088790712423032,5.367182565140168,2
4.144366386184595,6.069783016937297,2
5.666259016379217,3.832190932084418,2
4.896606689763487,4.661382594497637,2
5.9920721111903275,6.026610354650798,2
6.255138279926353,4.863236557654061,2
6.371904237542486,5.638911624123605,2
5.611085989009729,6.162753735821412,2
5.051101339998853,6.357782324633873,2
3.8215276519797365,4.623881075045475,2
3.3855723679032934,6.207695230631193,-1
5.743630493086762,4.483337073940399,2
4.521621824137468,5.3515753906267385,2
4.851516197815414,4.485080820060882,2
6.375680329065146,5.474955084289431,2
4.1723113705370105,5.311020183846755,2
5.672369345054151,3.807542385448441,2
6.163827790762179,3.73476839607168,-1
3.7434506538981775,5.460888058563817,2
5.003757300095189,4.665662624765445,2
4.513266626714485,4.059474486780907,2
4.7825116256896605,3.646859769853421,2
3.4088185117731715,5.027465402411371,2
4.644122616537179,6.50332244930161,2
7.236314264280296,4.590960123551254,-1
4.151724206146738,4.673060661339813,2
3.64920072823858,5.436832672547317,2
5.431800808443428,5.372719886817725,2
7.878743731178027,6.006224812310312,-1
5.158881350660991,5.474115729232361,2
4.015602619041702,4.008495092935336,2
5.491997161299047,5.122434125869538,2
3.7085701990761364,5.070744476062599,2
4.036567281982668,5.156656368449283,2
5.781673273210285,5.963467892348435,2
3.118785105391547,4.176737911403831,-1
3.8196439910420366,4.821018618703451,2
6.23861555475943,5.187977975231561,2
4.043231062849514,5.998307470593116,2
3.6145586598301294,4.699062585763468,2
3.816018141276933,6.3576416196129815,-1
5.640270633293323,5.386364385602422,2
4.530079522373485,5.580309225229814,2
2.749057265511861,4.7233999166257385,-1
5.7166371764665715,5.511414031068326,2
4.5691549086729335,6.280416998633367,2
5.598561629583601,4.441257480001312,2
5.048051286628016,6.382281910605231,2
3.2237986556119074,6.338035133889588,-1
3.900270625613935,6.201052437215264,2
5.517354654080063,4.32748605606472,2
5.763537061536271,5.014867268912516,2
4.548099125708088,5.489293025636707,2
3.852935242662854,5.202739361116836,2
3.4582613713497596,4.47293212497391,2
4.399356794672037,6.070457325430797,2
3.9337334383231415,4.692852255487293,2
5.517459162437731,3.9134288201449534,2
7.135033525614695,4.675900413541626,-1
6.909590558355621,5.511960303780842,2
4.7618756492977665,5.507646534059985,2
4.065959485559101,4.578843544886805,2
6.364722054937375,5.361540868555703,2
7.614795102219327,4.754012281965311,-1
4.340157238532,4.744712021285795,2
6.143049761765903,5.081710744832398,2
3.7593279381788296,5.055159054848648,2
4.899042056120013,5.0553084082851045,2
6.822332680871299,3.9564627296318804,-1
4.16122836334134,5.560906681228374,2
2.500481250728643,5.077962687288169,-1
3.5840973807278225,5.215639513526673,2
5.051797581479669,3.5347947644375948,2
5.033860658214947,6.057245310083073,2
6.332544200543057,6.460212341747612,-1
4.835400130520393,5.089937757212528,2
5.1176237829809,5.209019125993358,2
6.942649390826277,4.667614649105671,2
5.211741487046639,5.313653368507231,2
4.062417982929946,6.1159801731909145,2
6.430606975449114,4.688670296431474,2
3.8435264993181213,4.70842743279784,2
5.359689513898716,4.612272489502847,2
3.3401710253031283,5.171945884052655,2
5.751040125502452,4.649723572487077,2
2.799842224358505,4.288736773058716,-1
4.898283153445384,5.601371787033941,2
4.6614682328775645,6.339296243962689,2
5.609635498660599,5.410369349417004,2
2.985088201253627,4.575618857915376,2
5.788837468219208,5.812219743090162,2
2.5567865637197906,4.613452713609204,-1
3.1760045941584165,6.273187458961264,-1
4.013561594184264,4.679392508088889,2
6.2662131303298585,5.039778933231416,2
6.202230633671383,5.406869613590416,2
3.5302480306959065,5.472098981875158,2
6.089022249644513,5.128312484077184,2
3.972068258743537,4.875156571382162,2
3.790916888430881,5.130721784327607,2
5.422167270455052,6.264422790161224,2
5.564203768246242,4.710251851753862,2
5.566831570351325,3.484790201829405,-1
5.504978876998279,5.083226255515523,2
5.093149109162925,4.765779319650174,2
4.732460854226214,5.526115420412122,2
5.504989396028907,4.817559727199713,2
3.112272118255164,4.912363014678483,2
6.40976739037953,5.840353314228282,2
4.077889277795394,4.928706366760375,2
6.5112089825706185,5.207753370962128,2
4.969200851106613,5.600791283412336,2
4.622368207043564,5.472977608159437,2
4.051818998100129,4.610938010594707,2
5.502808719437045,4.429538986103705,2
6.010296877227144,5.191819694159505,2
3.3322669097915147,5.059164503824008,2
3.511594450873692,5.198757306116726,2
6.849527560883778,5.0705700060391825,2
5.164296644003025,5.045853125611004,2
2.7956571540363373,5.298350902796412,-1
2.3766658204576756,4.622954126916343,-1
9.195064508196026,4.381484361709074,-1
4.749668196693554,4.503623664345723,2
3.6720479301662383,4.403158695279293,2
5.390372341701321,4.513649689692676,2
4.738492445630562,5.00487979900433,2
5.6799932755023645,5.73932029755957,2
4.112028440497792,5.365450372986382,2
3.967037591445213,5.320161866162447,2
7.679343418284988,5.70234918857906,-1
4.251591806213563,4.753573800159604,2
4.172570581773229,4.4967518142364975,2
4.655942987725394,5.157852004492589,2
6.6051269151732015,5.2764290624451835,2
4.693336692028732,6.6996915489504065,-1
5.696559262919675,5.348199705761227,2
5.978056941835222,6.147822513945114,2
5.919468473313174,2.877369601617172,-1
4.492993440022877,5.549329395299814,2
4.089028461196838,4.922414325770011,2
2.3831749242002465,4.824639006306507,-1
4.771638792405908,5.326591272206876,2
5.20895171168731,5.122899930867781,2
3.454944834332718,4.476635862354652,2
5.012415692281308,4.910604352507705,2
5.979907650394318,6.02654594096616,2
5.765757833384377,4.728404222397044,2
4.664747803330453,5.073958837695762,2
4.85910104874944,5.958163194078753,2
5.827244310778083,5.749208136555958,2
4.839236160104193,5.198193538731101,2
4.966340533891018,4.309197429776793,2
4.2194895926142415,4.5088591883482145,2
2.4904626195263533,5.587915539155943,-1
5.5207131610881035,5.270834006140677,2
5.833052786732655,5.82409408803843,2
5.4847001239431314,5.248500447707138,2
4.5841399743426665,5.376672848361148,2
6.424107828680917,3.7050278899732145,-1
5.486191670426642,5.258191295627377,2
4.478486551481684,4.620394859372415,2
3.490982436792133,4.560592294942527,2
4.456779337264339,6.728114691703287,-1
3.6503301618885162,4.4132745412024,2
6.322548565760162,3.905937028678272,2
4.572127724338826,5.3011913340089,2
5.527275913202055,4.985321525584857,2
4.576787013868556,4.422393087795774,2
6.680501565904138,4.942276553349539,2
3.2576915492543512,5.50798969200752,2
3.204842048397213,5.306591424002692,2
5.419993038307349,4.874181503914553,2
6.605312246822429,4.745448150368744,2
4.065368338055144,5.196116803521604,2
2.5513981950358833,5.962249541717364,-1
4.974875722582798,3.04210534121457,-1
5.130950464684935,6.365511303080515,2
5.896002418922801,4.865651406166198,2
5.947646611859694,5.227413103332437,2
5.081306674484793,5.5507486040325755,2
6.651782767741549,4.371749652997593,2
4.696158671367573,5.080323405770362,2
5.878202715077259,4.684559189403107,2
6.3687365106320915,4.9760570522994065,2
4.08368317759028,4.847032958767607,2
1.828687033885875,4.217021080032843,-1
4.317282027640793,5.225829872258205,2
4.825960073347502,6.4760352104486945,2
6.598929549316435,4.23029910404956,2
5.005160504267806,4.269576731877751,2
5.2786991645731005,5.720275575035237,2
4.93878268086126,5.797506382291796,2
1.8704830655053066,4.133514095698833,-1
4.840658323673194,5.142523711529397,2
4.880696286609787,4.928796507773963,2
5.100373980018385,4.146702449338912,2
5.2861277534334326,6.137283108454667,2
4.456208233348857,4.069264146827648,2
6.125340684883258,4.675015486532775,2
5.626436110128705,5.138828655852011,2
7.676396831135832,5.036080508919134,-1
4.783051704775243,5.768794297588852,2
5.317396150149686,5.043281622474032,2
3.7717311664964033,5.321617457726659,2
1.1910733244823737,4.762720832463716,-1
3.872385046618873,4.349444642954378,2
4.416842305166405,6.101385886837009,2
5.024286273436777,5.5179179513205545,2
6.047597183188223,4.676582662714729,2
6.798452246718476,4.47959942934717,2
6.400537820672298,3.7800963578773814,-1
3.489770279316316,4.320797440907,2
5.188002784339078,5.469028831787041,2
5.141508116095066,5.263591964193521,2
5.235003885288645,5.178944449534843,2
4.803023563806447,5.208774592771351,2
5.866697355253753,5.467916058934903,2
4.9056677593138085,4.655845084787428,2
5.918321261891444,4.82441778512578,2
3.548774557338711,5.3680523870326935,2
2.6667120562421744,3.704717156721171,-1
6.774167214414662,5.0053119254753975,2
6.1840081542190735,6.009707788444209,2
6.88870260560757,5.763600218681683,2
5.2932738797414896,5.8637798192563695,2
4.785722415042609,5.0163202849856,2
6.670949416127669,5.255858730939116,2
5.658845506891938,4.689349643078632,2
4.811915012413107,4.991916384062519,2
5.782764844165837,4.694277978831163,2
5.8492250829356705,5.340120719108995,2
5.488742939327204,3.2669860885728337,-1
4.578404281071725,4.729282453152136,2
4.723787829456974,3.9348988936321243,2
2.7841819023138106,6.092643993888737,-1
4.330322224717736,4.167972810692101,2
6.60909539940975,3.1071550779873522,-1
4.822971831783804,6.054673152900373,2
5.425656693968914,3.784407491415825,2
5.355294863286132,5.010598039124711,2
5.5041766335913485,4.666546485989935,2
3.0543363567330872,6.196067620027638,-1
5.093001460163476,4.200729728850994,2
4.56942497978247,5.427022580950133,2
6.25623924665691,5.037991561685024,2
3.109028890235735,4.314531648445122,-1
4.62925891145515,5.53402034652129,2
5.526723909821766,4.771826842111789,2
4.965219899603817,4.981090937320683,2
4.257175350426577,6.4176367340109675,2
5.952555011876618,4.748370363497364,2
6.407991204609399,4.311144351952156,2
3.29966995362524,3.3852406723084214,-1
3.8536854346967795,4.600022954633169,2
5.39644076438587,4.737694401572501,2
4.874846899258735,3.9645766743781525,2
2.8031881650067367,4.508698660990627,-1
5.123005987054331,6.024189626319311,2
5.157968258750153,4.785378420526069,2
5.996955052767999,5.538425019500889,2
3.923691984298248,6.006743461772494,2
5.32857362838924,5.878734790781457,2
2.9121387632544335,4.747460527692602,-1
6.443045031582488,5.958016138189592,2
4.578785023946875,4.6929108003166355,2
6.884814001379384,4.803350351529316,2
6.53431565625478,4.805491732622003,2
3.6530524098578345,3.5915007662710874,-1
5.561623015750561,4.455124848526502,2
6.2516448957442865,5.658992702750079,2
5.967257518559419,5.263745793313864,2
3.9679729017271734,5.826975060004471,2
5.158565326862369,4.110560347657746,2
5.611236063616456,5.124425371816134,2
7.1281117129548734,4.992719629831225,2
2.5370033208344243,4.344150834325826,-1
6.176672661999308,5.08468997997811,2
4.760352228668113,4.81474397086109,2
4.6603553848078345,5.169733980220179,2
5.5603493376039195,5.346349821528112,2
6.14823502403886,5.2929731633454145,2
4.617004833008334,4.626252898196352,2
5.547700072857912,5.1519477968974785,2
2.9789837675399906,5.827588212162148,-1
4.24310651284094,4.595276840674181,2
4.200944793220163,4.916842452463902,2
4.243761797697949,4.507561927227579,2
6.475650357205591,4.157978026780181,2
3.9131466766444456,4.098040965340758,2
6.755410385770225,5.066247896095561,2
5.829456647660157,4.97494920802166,2
4.473969705225112,3.774402158616553,2
4.352235925518952,3.791919155396247,2
5.569920637833974,5.655186316462058,2
4.9217012269476035,5.150384273496083,2
5.3024115893662715,4.650622908660126,2
5.855311229539177,5.695925821253523,2
2.5753461068877974,4.173114369625466,-1
6.048991429534185,4.941304905783513,2
5.327977651397514,5.712162043190833,2
6.381262515045252,4.549750665906815,2
5.331315664368235,5.032320016244172,2
4.180196820345345,5.580991247052848,2
7.045774638270256,4.690310134652397,2
5.477102929323762,4.544230825372355,2
5.20953910078352,5.48993278694936,2
5.805698923921,4.2260755477689536,2
4.5444552331701145,5.259631112853411,2
5.832283568888199,5.503151539302745,2
5.985660451965578,4.54248302224051,2
5.918247509418206,4.315130171515963,2
6.84850515173269,4.479372561905823,2
4.882103565017446,4.419606145061113,2
3.682523662823793,4.684041618105735,2
7.56857128544561,5.55725410192528,-1
4.358378281828481,4.967470330294302,2
2.9303448717070317,4.925868098758488,2
5.045654129256014,4.783090499134691,2
3.510891629659855,6.577006783465517,-1
5.62929617906685,5.165326688627406,2
6.609462438133627,4.317309787506399,2
7.273723754377379,5.568938413332416,-1
6.60490281282571,5.807720495446222,2
6.280441673588251,5.940753673259636,2
4.877127652249645,5.307021598833925,2
3.5771218894983825,5.069293592217778,2
5.714109338137721,5.456884242562,2
4.988753526922558,3.9331104224016933,2
4.480779497090946,5.06878311988603,2
2.160481577093746,4.229329561445624,-1
4.185984938392013,4.830698791958346,2
4.099155020709764,5.089776023353245,2
2.240461098083227,3.6811782776077138,-1
5.052622383611529,6.410817652146696,2
4.385249587606116,5.404331484295129,2
5.086773080447175,4.69569105585547,2
6.229827845382431,5.719363259313193,2
4.231264026148082,5.472875471704722,2
6.026613005398437,5.942100919576527,2
6.049714703978967,5.403568520613382,2
6.88138204004795,5.18274813558662,2
6.51137737805092,3.669117913170018,-1
5.058218342297787,5.679716904363168,2
4.691258182441722,5.172377930392287,2
6.348766494369773,4.6953091843956125,2
6.661607713374979,5.463577273745966,2
2.3596447938571465,4.269483498769461,-1
5.350148975387166,5.096926734044748,2
7.019959469392948,6.490290483304104,-1
4.34280412001214,4.6910834799105965,2
5.323657297745716,6.237291170319374,2
3.401723924104783,4.072416965713034,-1
3.6483889608795783,5.59849460478221,2
4.77248314693497,5.495556332777174,2
3.7637038316794267,5.138465677293142,2
4.874248436440416,5.139796412580689,2
5.542245412895671,5.097227613734836,2
4.614234103571594,4.575766632589659,2
4.672349158104449,5.587256939134241,2
3.257413961134202,5.332629687704991,2
4.601260599708836,5.167538890167617,2
3.9727834108999955,5.2384101170571835,2
6.134157792922019,4.677503533778513,2
6.020269403433855,5.140819680231356,2
1.5744963598507251,5.6926453705418885,-1
5.963106251602333,4.524594130686994,2
5.5923670623557475,5.670718497001127,2
4.970318267080795,4.991101940444356,2
5.502677860244891,5.3381259511068615,2
4.55905921690526,5.523046689218908,2
3.717533307210089,5.925015626461921,2
4.9640875487762095,5.297999162351205,2
4.727283605072179,5.914691133403249,2
5.173222758868475,5.659217069933831,2
5.9096107782729845,4.213879637100071,2
2.472437150299885,5.3777496921755334,-1
6.383694601122671,4.17875225568796,2
5.109074216771389,4.422869374360012,2
4.837103547517808,5.0350993555231796,2
5.273920346174181,6.088697621976842,2
5.384198431431393,5.413844096518296,2
5.1876138619851915,4.86756957398532,2
5.44073344027014,5.113243770385325,2
1.3450723745315512,5.421374523990913,-1
4.937681011970954,5.386319339577033,2
5.327478576562925,5.408527329263393,2
5.745499946529397,3.3974631490906777,-1
5.702425419270834,5.121054216729646,2
4.922207637509982,4.7640097757012905,2
5.101177042849773,3.908763108767949,2
4.497276531752748,5.336713950311718,2
3.3085191385716772,7.256290996545026,-1
4.956868099441701,4.842855908230016,2
5.109376944135891,5.179087531055409,2
4.463609605988599,6.388188622410886,2
5.827958887448035,5.4876198794516915,2
5.748183793902953,5.721572477620415,2
4.494107554649236,6.467973343306394,-1
6.476692229140126,4.140692170761712,2
4.034531761031062,5.583838833179363,2
6.396141052864543,3.5444300446891397,-1
6.019425974191918,4.77521903785595,2
5.365395076056044,4.426908558566825,2
4.280782911743689,4.802610273234944,2
4.96410527427484,4.145682386883349,2
5.350603545893424,4.2477502432315575,2
3.1785203329981986,4.966245507057578,2
5.710498059660532,4.632213283350745,2
5.23735973875844,5.1002006805897855,2
3.8860408341639006,2.8795129481929918,-1
3.250928016332887,5.197915891945592,2
4.723679223451118,5.136817959767842,2
3.7113540917150694,4.1387596351224065,2
6.062098323754535,6.044978601351979,2
5.061741311372154,4.914629630566539,2
4.323970314577249,5.520419730420291,2
6.177941994871874,5.218880741841274,2
5.340983814754187,4.998522459783718,2
2.7939512037850354,4.82236932956277,-1
6.113113191768304,6.405424081558752,-1
5.967311663482675,5.683722752962583,2
4.132026974262757,5.102246819345669,2
4.985967036637557,5.091185763060192,2
5.280875596362755,6.200066563794728,2
4.5228903830763665,5.736244025939069,2
4.1209662661480975,5.027793182595066,2
6.085022455661537,4.603476668203283,2
7.39824375753998,4.450446204937336,-1
3.08951084163542,5.479525486590649,2
6.486203568090085,5.488157262784602,2
5.3020231999573895,3.7411995397530715,2
5.64078339523628,4.075396694235862,2
5.702273566520967,4.345423563951108,2
6.033178821147553,5.255717497814263,2
5.188688291940026,5.37066497490082,2
3.254461101630711,4.8124660012727265,2
4.972483126085081,5.39666895446947,2
4.292769743538248,4.174271816380289,2
4.01961927488081,5.4429957100222515,2
5.962329503070762,5.211864126434172,2
4.342422999538619,4.476102504182077,2
6.0500723511599555,3.5795457529959034,-1
6.964771334266957,3.9862754901552755,-1
4.288612608263822,4.126513247782283,2
4.288872579887175,5.969127578451742,2
3.7171655468225664,5.563205663507445,2
5.374028563582418,3.6788340820037435,2
3.7404875659162498,5.570945513863049,2
6.873788423644451,6.767561752300118,-1
4.098825524137706,4.909844722877078,2
4.580895886182724,5.438606502761423,2
5.017422943480174,4.930645513690298,2
4.858676952596304,4.781993433016092,2
6.302977478615497,4.927760061383131,2
5.36579107823279,4.945322377567133,2
4.328384830118132,4.568077304469875,2
2.594989361449606,5.534565567409499,-1
3.8944469781594035,5.859439583385266,2
3.3519936916610584,3.930900543265955,-1
4.551404032347906,5.2780589535877125,2
3.8537562918628305,5.229960895082467,2
3.60517515398122,5.6104531935953235,2
5.206682011334663,5.533240065246567,2
5.558993179832674,4.679132234096787,2
5.0094923076935745,4.7303779468756435,2
3.5989484396617857,5.28447543678401,2
3.231978726381297,5.726077720383754,2
5.623053203654401,5.484500193530571,2
4.614449942504155,4.843625350767393,2
6.957238158077404,4.720112419322268,2
5.670605074420378,4.600755910956741,2
6.0358282519464765,5.93084111907203,2
7.226323192267847,3.327260664074787,-1
4.371474459371787,5.15908749345574,2
6.010754934226532,3.95342388479966,2
3.962605247083294,4.240817231649394,2
1.9522155181884737,4.457018307479055,-1
6.3186254593703115,4.64396917571534,2
6.354924117894012,4.856040696492598,2
5.355988783178296,4.756623689098785,2
4.312669745298668,4.630879257518117,2
2.9855426447802196,3.473212032675005,-1
2.538604858690526,6.167519942138543,-1
4.900483564952258,3.3500792330058324,-1
3.808257325064438,4.227204244060734,2
4.0225592412547275,4.763823098625833,2
4.098415264986196,5.202914310236248,2
6.020696184410989,5.440286749214626,2
5.232725469152113,3.9910179316900085,2
5.402756995214252,4.409809525823567,2
5.038236579831299,5.038017493791706,2
2.766269017732014,4.603591871970494,-1
3.350305350739289,5.699787839976504,2
3.683160917319278,5.2429967970393,2
5.292940492530588,4.2784325027078225,2
4.458363002888722,4.9006023061031385,2
5.0615662518607945,5.305913876054807,2
7.825535200922539,4.765147097132216,-1
5.39797683654803,4.416978906332337,2
3.817997146319092,6.3785983330096325,-1
3.2659684680320167,5.183397511389373,2
7.593043576894665,6.134105794942682,-1
6.111249826423956,5.389662070752,2
5.419806838142476,5.038466608667672,2
4.596637049568159,3.9689268364419252,2
5.9995832816055,5.104389709227517,2
6.261568090590804,5.790611752836514,2
3.7308936320341495,6.166597594794117,2
5.3354098401518435,4.417420390102749,2
4.513932585808792,5.667806877103179,2
6.208189746561917,5.5272041713689575,2
4.590640960232911,5.259604049623371,2
6.270844899922205,5.4819174484438005,2
5.03329113686438,5.517307220069877,2
4.938203649680426,4.187763129017823,2
3.8783065470100277,4.063253680608913,2
6.365396654846816,5.695966326825331,2
6.553993291186922,5.376906841509531,2
6.139561457065381,5.402068413413007,2
6.663728255715972,5.162397157543204,2
3.4338028691428595,5.560225548824048,2
7.615897412117548,4.478602369147644,-1
7.042682471946531,3.5178925677890516,-1
5.865499053560106,5.534867657978664,2
5.730354840674814,4.446468381652649,2
5.722545814419906,5.757323427797411,2
5.510519555774847,4.479197568897759,2
5.206715676680852,5.174983303957081,2
3.3284245995888684,4.4964520533325665,2
1.5166836484221857,5.126257135754216,-1
3.5334693447320555,5.668950273087656,2
6.089039932084588,5.345347863910949,2
4.988860777494128,4.612579894972446,2
5.63624423360446,5.0882644068992615,2
6.370942310279116,4.313377402961896,2
5.304304090778194,5.456658388794125,2
5.372472998769883,5.576289022606966,2
3.6159109525508955,4.893181641917741,2
6.575587477935397,5.174297228558419,2
3.8934006732256226,5.524125540760677,2
3.403054044111588,4.485869936079302,2
5.547692507100351,4.976808426415161,2
3.7310886307990696,5.177230510296588,2
2.8674755001145233,4.184670264218924,-1
5.180275824505016,6.16933066896105,2
5.2822299096300105,5.39521863843978,2
5.0428320519039245,4.22994367868329,2
5.569996230808533,4.404850350979827,2
6.248342862606402,5.153257493697375,2
5.100832947543743,5.948759702744664,2
4.59514749116767,4.178800824768917,2
5.706556858815406,3.8496200080617187,2
5.670256380236225,4.72069617688356,2
0.9329861423898738,5.282300075993634,-1
6.454354418729402,6.08391085315246,2
6.15422428668387,4.785099131718551,2
5.118086585181961,4.918635963551858,2
4.9429680453427025,5.242410122214664,2
1.8035162716992459,5.713357781552368,-1
4.024454019059062,3.962265134672781,2
4.314113137128117,4.021431319640684,2
5.1977133170772785,4.773650541346629,2
4.984311295739468,4.2698034717202376,2
6.303794283556714,3.220654392796756,-1
5.529619095276417,6.584997907704292,-1
5.10796984291841,5.863774841292536,2
3.847430870299574,4.8695602625274805,2
4.684826312593742,4.713313856196616,2
6.220610430254945,4.906018827931961,2
5.4000119157691095,6.571770191215085,-1
4.93018949743268,4.22104099154857,2
4.825796708698816,3.9777418462952414,2
4.553518531768338,5.021690042488697,2
2.055553712540277,5.7192219469585215,-1
7.039217218260779,4.281500882188702,-1
4.508670083633453,5.24563137465643,2
4.629790343398077,5.940732228912159,2
2.8993266499630264,4.592842717453976,-1
3.718539420627529,4.661908998019216,2
5.438031339645935,4.270241181588822,2
3.7574958300191463,4.318933350061263,2
4.670901176211893,5.598326403455818,2
5.107454757583958,4.209357530266514,2
6.4576756013413625,5.500947868291549,2
4.404659415369139,5.955952670505419,2
7.67659581179106,5.184475502782317,-1
3.8576881085650507,5.137024640053044,2
4.819036133705325,6.224968851973902,2
5.0387806775592106,5.2551820526979105,2
4.984948820210688,3.911263455838314,2
6.1765961696316545,5.727414971143734,2
5.947661397687773,5.257514950718478,2
4.213434653558048,5.041979908510245,2
5.246044574400178,5.241085919354822,2
5.9060601504954535,5.059507046551236,2
5.142220705430702,6.100892780723096,2
4.999496242348272,4.823880950564529,2
6.394750413258239,4.873670137518734,2
3.969816191397051,4.905721392555304,2
7.527038160268837,5.130017292766473,-1
4.676848980478429,5.2690577890907555,2
4.3213105135527545,4.034110579113281,2
3.7538175455642246,4.589158687524717,2
5.182508442411534,4.327371863021683,2
5.079342562172742,5.082605144646315,2
4.463845689376563,5.0682463334543195,2
4.542129480609243,5.571551535573046,2
7.023028081874784,3.703822744272236,-1
4.414864804276012,4.689699734703732,2
4.75012651681401,6.535799478278767,2
5.510029832690702,5.171951715438507,2
6.283199426706816,5.416223999024406,2
4.321470071737168,5.921980989611841,2
2.238447634823105,4.954159133411494,-1
4.703658155606046,5.602401302563312,2
5.302658957412961,5.153626951190377,2
4.751776875576008,4.87021515290331,2
2.725742003656724,6.345311561236847,-1
3.88912234445462,4.6121733057002325,2
4.166136046351786,5.073744176801099,2
5.597414801780932,4.4241925323491715,2
3.9513031528167653,5.421035072960341,2
4.5294489312819275,4.837173851962823,2
7.185024112197851,5.5139071607548225,-1
7.066242707343633,4.561727461896087,2
4.734304895040892,3.696702418327796,2
6.824939603819069,5.96738870677775,-1
4.724966401472108,5.977254943139474,2
4.787732214347111,5.903432435850038,2
5.7666723555494555,4.517342941395332,2
4.486115324826999,6.830173468031715,-1
5.766555463614583,4.728582250039946,2
0.6969455486910299,5.050556857241161,-1
3.6846090067096195,4.840413889691418,2
3.9707489388851753,5.171287880299039,2
3.903469533329388,4.093648475779066,2
7.496158506162148,4.876213923844501,-1
5.07286374780289,4.473470947277618,2
7.840427655819035,4.564911792108325,-1
4.347476751053145,5.270217871954964,2
3.582493891781887,5.956888089470398,2
4.414321680641271,5.53484461894096,2
4.086332039168032,5.469646883676109,2
3.2898862742954895,4.951268300380388,2
4.880194435031667,5.382518179414444,2
5.935726587146159,5.432967365721351,2
4.743722314924709,7.144039429070748,-1
5.912215013197823,5.0398822223151125,2
5.090946654697962,4.433133183018698,2
4.155913158825232,6.0484629788503455,2
5.820417031604583,4.7113475329467445,2
3.427357137463436,6.960948917651039,-1
3.198673192822101,5.0662730519600485,2
4.6918334363905565,5.9884343429647595,2
6.740235807126343,5.336103829987735,2
4.994280671178888,5.119296693046553,2
4.844047585602189,5.321764063867613,2
5.219914104959689,4.70807948091735,2
4.91131503676107,4.348146908214728,2
4.312726135358984,5.827101799639373,2
4.6131596746744705,5.8144996339520025,2
6.802697136622663,5.931568321931617,2
4.55565187483289,5.144696713998029,2
3.8536634642650167,3.931672664159859,2
2.976792369896315,4.262449672368906,-1
5.6941633031371826,5.16251883133664,2
5.505932009386403,4.218912020803828,2
4.597373383242126,4.592020775041806,2
3.3330216291160912,5.535072722050785,2
4.914323189942211,5.353764224800354,2
6.474638427329052,5.105402979878438,2
5.031255917039792,4.946455619339973,2
5.2517167283858015,5.613175517723977,2
4.8028324734908745,4.787356022234888,2
4.272845779408854,5.094814370622152,2
3.7928894966615654,5.064319659383946,2
4.678422439551752,4.061050548858675,2
4.640211869858005,5.710455202388458,2
6.924398492379991,4.476357505886019,2
3.524378656624273,5.133239061729187,2
5.172219118609147,4.708292140390055,2
7.621175360362313,4.824474365817167,-1
4.4857829997101115,5.0500883149188205,2
2.670326438479517,5.568516657401974,-1
7.403067711127705,4.990452065933464,-1
3.89054576636718,3.7945738930342428,-1
4.784592526809633,5.040529477205784,2
4.408630555236022,3.40871574372934,-1
6.154657997480313,4.502989215874541,2
5.195423525217749,4.864035623133931,2
5.341077929122886,5.44915252750607,2
4.757652558045807,4.277773660988922,2
5.1393277365202135,5.37748837529308,2
3.2391139220535363,6.079039216563396,-1
5.9657029545484965,4.935820274065524,2
4.257237649005933,4.181195019405141,2
4.73623441095012,3.8547902117334454,2
3.067578001799773,5.416021379635017,2
6.2317939377634435,5.025408981976772,2
6.264074744639578,4.372450015318483,2
5.510234139921028,5.8436754586781765,2
5.351911644273046,4.242910045382944,2
6.642728287378595,4.980772662148976,2
4.959036538318804,6.442671575037917,2
5.324202930988765,4.4075515757911266,2
4.56724487745996,6.246044297448278,2
6.307460778126054,5.492980266983824,2
3.4369161201182727,5.7813409633139115,2
2.9015412481846905,5.507007658522333,-1
4.182973783345367,5.447337497158379,2
5.346481039591146,4.490822323480748,2
4.51669754748531,5.503635426881745,2
4.681847777841605,4.677466684489076,2
4.618640087210547,5.593457467195214,2
5.766539004070914,5.132545002111646,2
5.504992041320794,4.892788247089037,2
4.769880687313652,5.085763628910516,2
6.191422692932882,4.5026985546687275,2
5.906768312631827,6.24880969210039,2
6.322759450033331,5.6546415767350195,2
5.93530668376236,6.267457972050977,2
1.3721316487939332,4.7242567140537775,-1
6.153762215837931,6.341373015773196,-1
4.7564150308945345,4.9625206367697,2
5.557435535326775,5.09933816735177,2
5.559865958448875,4.269272571605668,2
3.5148857476626647,4.545620015408357,2
4.231351674526808,4.814412352069515,2
4.10835831392075,5.203437660406088,2
5.0124598371196925,5.304567928442138,2
6.011893303914629,5.081328451906913,2
5.932407867380665,5.376558940513346,2
4.5914275002592495,4.909764292144181,2
6.440712969064449,5.118588312447235,2
4.900377062558253,5.428056524607472,2
8.217986188220586,5.033832816313668,-1
5.377968159944382,4.649775470762074,2
3.7530215233480457,3.652850771337164,-1
6.660057965446741,5.080314924649235,2
6.347539975027477,4.675744875156375,2
5.685175231516693,4.604566880008485,2
5.270427371135242,4.955264569044512,2
3.805233148934869,4.648773326660096,2
5.015172226389997,4.360512172508885,2
5.696181515062842,6.076183967153344,2
3.0181291912481827,5.052641069804786,2
6.423021537753446,5.032002032499401,2
5.285234367885055,4.404645061843645,2
2.856036204056057,4.593947428816903,-1
5.527482096983389,4.657891188178275,2
4.582401170964955,4.5652031328013445,2
3.5702204778401905,6.464682942899504,-1
5.932220430981602,4.017382788767134,2
3.715460206218923,5.88026466485739,2
2.871867653662162,5.031402943214885,-1
4.004109085365352,4.904915293410044,2
4.492965330955351,5.408824713470478,2
7.896375589195981,4.083675476095731,-1
4.784850613603935,1.8905141040050526,-1
3.446723689640697,4.65180110598809,2
5.623887441027706,3.9700405512466115,2
5.310821789071999,4.501155077809498,2
5.354567806157849,5.658025294519506,2
3.777172472269652,4.568798808739418,2
6.437922042169638,3.627951053919558,-1
6.786656268569443,4.159198166570786,-1
6.321145947174902,3.7240978312994213,-1
3.5497394569651934,6.143336380083917,-1
5.529709927572851,5.283498082825462,2
5.108267302592718,5.07408314575208,2
6.0174085736027285,5.962025317638179,2
6.505037899101812,3.8700040265078424,-1
5.643708824591491,4.953908734174898,2
4.178163686283471,5.349297718784174,2
5.600545267442981,5.229967454996428,2
5.028026080865114,7.334319302460343,-1
6.85477180749176,4.847989283156941,2
4.898859290026745,4.044026132198596,2
4.307720072567029,5.215051866625629,2
4.376029638336703,4.355814660846958,2
4.634772132773954,5.614160385887784,2
6.774061855465998,5.467404897312866,2
3.717900118099644,4.535768946130482,2
4.9365400052735895,5.02176942623052,2
6.015327384087118,5.037168046598916,2
5.176159111884367,3.9396337042912113,2
4.6882300318963805,6.170887748923242,2
6.607082884693763,4.152218472458298,2
6.135489562838937,5.3619325909621365,2
5.116458916396466,3.6412521255779975,2
6.769309621219812,4.936792565592321,2
6.605459639189389,4.442732908528174,2
5.032163928121248,5.857924345418654,2
6.993791212223355,5.272820667310905,2
4.077203411755587,5.601209731182871,2
3.9719602435256087,3.6616033966675037,-1
4.216253389375271,4.878427240575386,2
5.52466364683399,4.087559371760777,2
5.396005944560868,4.745658514290055,2
7.363614692533744,5.352664340653247,-1
3.5772396420851758,4.7349901128217615,2
6.319998755808504,5.2498583389398785,2
3.782470923560732,5.502431204461014,2
5.716056522044538,4.3879683868058255,2
5.128992148366133,4.865013546740484,2
2.9407577043711033,5.979795385008703,-1
6.137840115222788,6.053622656252864,2
5.7088518091581415,5.44115813755746,2
4.341374512027045,5.100279100433822,2
6.470138843688097,5.267865498102602,2
6.219247675457864,4.757051977638061,2
3.3287668672573885,5.235370836999173,2
5.333175695452338,5.129575627383161,2
5.190874347271093,5.214744137010385,2
7.286420802327237,6.519470826024196,-1
3.2694988995286547,4.72639923880777,2
3.973224441752225,6.108027238715909,2
5.36934169486789,4.675435626012259,2
3.4491733365466097,5.746170397859485,2
4.982329910776853,5.964095886192887,2
4.79214259506736,5.433246836462032,2
4.1117891555995065,5.475916330889588,2
3.7483483998065097,4.842144031638133,2
5.8384349130506665,5.422634657392095,2
4.703680881738325,5.445578903131878,2
3.4570117843243837,4.7372985040158255,2
5.633486956983676,5.37297982121713,2
4.373316317418101,5.369310434060637,2
4.991031241684978,6.013722478217127,2
5.310629934294649,4.631068887700286,2
5.129522226296733,4.100509631098122,2
2.9109721856603517,5.572951834915738,-1
4.965599168429145,4.612954795842055,2
4.299584824715053,6.122133594002895,2
2.528956412647332,5.50431415816606,-1
5.931955001640922,4.217659498736174,2
4.6477589503274475,4.410080023685651,2
5.9778341799447645,5.463448920648854,2
5.106971817400103,5.1416065389024075,2
3.977224812925713,5.5389753038823875,2
5.948770656677869,5.818576646434339,2
4.4495014708957354,5.298296795446363,2
5.052440598916772,4.895292315172077,2
5.1311569504129535,3.776378504212793,2
4.6945843355740156,5.867835318561282,2
6.5718826325729,4.30398817260696,2
3.8535501840482187,5.641601568549561,2
4.192875076244412,5.4419981029571485,2
4.666474114415075,5.446578909538992,2
6.792934850799064,5.473482555481368,2
3.7830999967327563,4.719889242102825,2
5.551997225939648,5.242600545845097,2
5.197547053725188,3.204226153970393,-1
7.08789626449731,5.328380175354805,2
6.512689241844261,4.9705251945922795,2
6.296736751009651,4.5000201073457955,2
7.452278999538471,4.500575184923014,-1
5.038978201970008,5.370308023185801,2
3.841689247457561,5.719581205675116,2
6.610280106009271,5.189418418345339,2
4.891376570366405,3.6109311017950025,2
5.112978007117639,3.158579119624914,-1
5.327281820343965,3.977272578485339,2
5.543473462715652,4.875659388677915,2
4.182252974814679,5.131089895866146,2
4.980959915556845,6.316511221042381,2
4.531925947359737,5.091277263018438,2
5.078712731468485,4.534334170877521,2
4.016836760038963,4.023797038228455,2
5.097458025054665,5.06743957213487,2
6.888871498806066,5.371720487877464,2
5.6342324499580965,4.940522071872073,2
6.238073014095651,5.464712997815457,2
4.87905017934074,5.238906967312785,2
6.0545279024689025,4.709177355122418,2
5.563495380088882,5.568641381884573,2
3.7420465083122574,5.371665129993341,2
4.239120310262295,3.7700849805793215,-1
5.35359528972974,3.4759626145528486,2
4.108865796755421,6.512833166059906,-1
3.443861399049532,4.034212634681278,-1
4.377081989413682,3.735368277083893,2
5.551264072469293,4.29682824212005,2
4.893684684648281,5.2333412254340965,2
5.366203816189086,5.364776894798043,2
3.164013145850498,5.566433168443215,2
5.749180192541194,4.5123679965865415,2
6.798077037678848,5.203019612062166,2
5.8092937776691675,4.811889633230301,2
6.25489980400387,4.82448098981178,2
4.590959987285146,3.367601353707031,-1
3.692837171241571,5.630969271511203,2
5.124774268819055,3.7021689432974862,2
4.447264416515793,4.448648084733487,2
4.489773841102455,4.9323859696201655,2
2.707938700154929,4.347774442665397,-1
5.324679190817997,5.087399495178181,2
5.042913686789784,4.982209105628381,2
4.585832315697391,5.305809001795561,2
6.0993124902340865,5.393377773400758,2
5.18851079091354,5.273051272925564,2
5.483458021392747,4.6544517857670895,2
7.994999762200431,4.24295289386017,-1
3.8968810084276537,3.666741881049007,-1
3.717137121322229,5.353532300225435,2
2.2430301745789163,5.256267410768811,-1
4.972092391450029,4.136611781868614,2
3.633052699827746,5.893956777699442,2
5.491301413990247,5.629006001068268,2
4.303937825326519,4.8823036659587755,2
6.0925347982624025,4.995442786422737,2
4.860049802457735,5.144401840959111,2
4.920054774051348,4.65966769270486,2
3.2456735296972163,6.173385171369839,-1
5.339672374355334,5.910753100066051,2
3.8807986102385943,5.497635638395103,2
5.745966266883795,5.612880090864195,2
3.5115491572684014,4.60024675930031,2
4.410119264141967,5.138548063790708,2
3.257259450438558,5.112076200992717,2
5.862478408018016,3.8255976026653316,2
4.036772431236266,5.214269230202343,2
6.36497849946696,5.800458756717081,2
4.869556406727634,6.467823924254242,2
4.684967693359235,3.8760157046345016,2
5.0412369970969735,4.9161471899601565,2
4.114217660958277,5.770898574290128,2
3.701831747096054,5.34914900746371,2
4.028593109138094,5.766163447986918,2
5.379970077553787,5.095533157342424,2
5.086920738310978,5.405436595420119,2
5.471772765542772,4.563870399801875,2
6.35698876260869,5.501437444982023,2
5.91276034918861,4.4215658322781755,2
5.647262599845904,4.832563526037596,2
4.529547807306533,3.8578951931175838,2
6.074552820996696,5.04749023409253,2
4.695149911144359,5.315426139006539,2
5.545110162425417,4.327958147019174,2
4.609628630603033,5.731105709026838,2
3.9401622128165297,5.190821597529227,2
5.928950291895285,4.568285470964414,2
3.501679033351128,5.672809324691633,2
6.491441694605427,4.069738311061089,2
3.916520156102375,4.848637835693644,2
5.900712695157098,5.309327049165336,2
4.34625490202713,4.344989091236187,2
9.834840046015183,4.7715439337914685,-1
4.7392085374767845,4.190174580877226,2
3.478732043019847,4.425270366807306,2
4.681780273735566,4.573309678707038,2
